wavepix,fp_values,fp_err_down,fp_err_up
0.6012608647346497,578.355062216113,99.17152877416714,97.67386990878083
0.6033100485801697,302.0236948496952,66.33636972734361,102.27162076960514
0.6053620219230652,257.1266319232155,81.21318504874044,101.64590986589792
0.6074174344539642,408.6714536758872,89.46723745926255,86.24178488985501
0.6094760954380035,253.353712552223,61.25360334227654,80.6989736305732
0.611539113521576,397.6540306171914,80.33515625754535,76.38255456994142
0.6136032819747925,133.37478978582297,31.305346215226194,46.29620519379915
0.6156727373600006,449.44876923560975,77.25692301634388,74.65099703711661
0.6177450895309449,64.74989010908844,16.88006322986383,47.94750238050647
0.6198211967945099,682.3747854675368,64.61154120191406,63.84281069378653
0.6219002068042755,181.7080069556352,41.57928609148871,57.99272807937291
0.6239828169345856,444.0773862760308,65.66480453509041,68.49847829248415
0.626068365573883,302.5377402571481,64.85895145918076,64.60788077972603
0.6281576037406922,113.61645363408033,48.77135669396359,67.05715773366248
0.6302493393421174,103.28124477547773,31.173152756046786,44.357252590918335
0.6323456943035126,282.24377072219187,61.64227573049163,61.81362490772659
0.6344442903995514,340.01451100519796,62.20365567958788,56.644916499088026
0.636546391248703,337.04806273456546,57.94435047850337,57.98606827337403
0.638651716709137,255.03717190825014,59.84528351110211,58.00036465716761
0.6407596826553345,238.3903542488502,60.67824848687245,56.833754184202775
0.6428718447685242,388.26186088773886,53.99113946065904,53.27900426245236
0.6449864864349365,322.52612677364243,54.098556370567934,50.7828956913674
0.6471040844917297,283.15856489856844,57.242423494158146,54.09579354835381
0.64922536611557,314.63964101852997,52.785072373026225,50.78044472779254
0.651349663734436,241.1456564914262,50.64352462832085,51.721331766394485
0.6534757018089294,191.66773703877814,45.89039205098872,53.83615128973088
0.6556076526641845,420.3961538902114,53.25636576230875,51.10423476953679
0.657740443944931,164.93716757502702,42.76889652384291,50.52190220022317
0.6598768293857574,395.14918653971955,42.19601057007844,46.446283137032424
0.6620163917541504,294.44465112117143,47.05669400248976,43.99943073384031
0.6641574501991272,244.26718789308597,50.64146307440802,46.654596980085444
0.666303527355194,439.53397494223873,45.958310297476885,48.52302203496811
0.6684516787528991,227.7697837707233,50.42484172355236,46.88932500781715
0.6706028044223785,202.04984189538837,43.29570850018061,42.93421416126108
0.6727574527263641,324.09723067737934,43.33911580542076,43.94178525423035
0.6749142825603485,311.91283134303916,44.99075935373003,42.00048866160296
0.6770738303661347,312.7835507520886,43.750818931890194,41.49340664922323
0.6792368054389953,329.52282951158077,39.0899226512924,38.37523844281475
0.6814026355743408,368.6232254730796,40.51161085192604,39.5581566886824
0.6835714817047119,362.8545376327127,40.12649872780355,41.82182930822228
0.6857431530952454,254.4908969942893,41.66542915097838,37.52415322256712
0.6879173636436462,384.6247844591759,39.685047371024496,40.21920848771748
0.6900939822196961,272.0740087436324,40.347889615626,41.92448584046514
0.6922737538814545,391.7988162347028,37.660973092561846,37.204045343973746
0.6944565355777741,422.4889788634515,37.928096775580855,36.48552044790216
0.696641480922699,482.1234460391254,38.028609001992095,41.124046387288104
0.6988291621208191,445.59745973767997,38.364930932578716,39.198027592393714
0.7010208308696747,273.38488021790704,40.1245726123862,38.48167117793517
0.7032140612602233,396.9584575784598,41.902831535655594,39.20602095643363
0.7054098904132843,325.050318591396,38.92826097942071,36.76460334201437
0.7076089978218079,206.90839002003946,39.65558996464699,40.253179696182
0.7098094522953033,503.6178739670811,35.579102237342795,39.29291291560901
0.7120139181613923,523.0395299935822,38.95804710517103,39.401797616793374
0.7142194747924805,485.99839154443873,37.808591163781045,38.40721907608196
0.716430377960205,402.6577024457646,39.56776450808172,38.67962292222347
0.7186423301696777,272.16127158327697,40.6647500519135,37.77821929267054
0.7208557069301605,432.1382704596455,40.10197677082061,39.81845579298016
0.7230715572834014,468.2163076012089,38.03548815111162,37.11485403920733
0.7252926707267762,361.56590544327287,38.4762433397305,38.94181935603552
0.7275128722190857,434.1615447471507,39.4237608191724,39.359210508582464
0.7297379970550537,277.564895989384,40.77199002885874,42.02906466550067
0.731964373588562,298.4732943132134,42.07116864596799,39.841371590804556
0.7341940045356751,250.49464667520152,41.01485251626957,39.27140391939531
0.7364256024360657,375.00625807407795,42.37904832585036,42.769110705253865
0.738659930229187,438.31422404283506,40.88306039183544,39.24894750092369
0.7408958315849304,467.69959677113286,38.81467873970229,41.08341124468188
0.7431344866752625,512.5167725822411,39.69226264013656,40.72048016330791
0.7453765749931336,352.7985209077012,42.254715303410876,40.14067845436301
0.747619903087616,379.6623164452033,40.22247828758026,42.23428663513863
0.7498660504817962,311.19924909208993,39.248458884975236,39.385468613141086
0.7521147549152374,482.0281612299011,40.78867045917218,40.02462960201984
0.7543653845787048,439.1609572175316,41.12679736792535,42.338606359909704
0.7566174328327179,346.323958261522,43.205865895181034,44.99443270424081
0.7588723242282868,456.2430972707116,43.73464256189925,42.8667032898058
0.7611297786235809,368.14034255489776,43.72999243019427,43.43026739319271
0.7633889198303223,274.00931541528513,43.80737401991618,41.35262436248877
0.7656508386135101,490.9348233914118,41.74180229696037,45.28437814235889
0.7679148077964782,254.85913509007148,41.29570511834456,42.073966286016656
0.77018141746521,539.7536295099096,41.62424136733489,42.32929899004728
0.7724509358406066,483.87458513551815,45.179491125676975,43.19952706396646
0.7747208118438721,396.0493150297798,46.22009687435707,45.1284461123812
0.7769927978515625,393.82537958636834,45.1625555378572,44.38080416503891
0.7792670130729675,472.35629223686993,44.85307473380567,46.02150473388292
0.78154376745224,375.21750352587804,45.5665010662388,46.00657575776563
0.7838226795196533,407.7969599735917,46.43529262251741,47.086681107876075
0.7861032843589782,349.19706501374736,47.159992260990975,46.35812800054953
0.7883882641792297,571.2509357469118,48.312071925897044,46.33761213170351
0.7906704723834992,382.4484755441856,46.61908209794257,46.35569540020248
0.7929573833942414,405.86587726031,46.527363841391434,46.351647307262226
0.7952462673187256,286.8197925366397,47.40109809573718,47.1552629058267
0.7975381851196289,366.56909401821065,49.058288337585225,48.37914178450103
0.7998325407505036,618.4266103931955,48.472415097571115,50.67058507382069
0.802125233411789,386.3045030391478,50.68139683981485,49.40955298716523
0.8044239282608032,480.61707103521826,49.5534406758141,48.27176633929065
0.8067209601402283,395.7356717815543,50.79981200372714,49.69951394799574
0.8090216398239136,370.35280533244975,51.7567071515366,52.371603413756134
0.8113248825073243,539.2402952067638,52.202260411290695,50.98226487248212
0.8136290550231934,509.8251601766132,53.14973094944651,52.15541392963348
0.8159349977970123,442.8877981843707,55.086155765648414,54.6334547038723
0.8182429790496826,320.2815888116794,57.29168615375039,55.16417226329929
0.8205518901348114,525.7243482559768,54.226696230682705,52.52048468139071
0.8228646993637085,451.87821345376676,55.68728217455168,51.938429572128825
0.8251763224601746,732.7650802491121,56.129952976239906,55.66323024394126
0.8274923861026764,389.26190633931867,57.583596474462865,54.977437465228945
0.8298085153102874,385.44047548667737,57.200018610272366,56.054612453783534
0.8321267127990722,450.32665160970976,56.15848527348072,55.73430630305569
0.8344470143318177,426.09398499252706,60.115123570049946,62.07287709254865
0.8367684721946717,173.43453066126926,39.17587605358247,51.26321135472297
0.8390925586223602,493.0342423179403,60.258972060799465,63.13125946409491
0.8414177179336548,518.0686567535503,60.087237861088,64.8650770687683
0.8437445759773254,650.2817412332956,60.911783622645885,61.20350740806032
0.8460728585720062,415.74020137960946,68.24540216346804,62.52897769586701
0.8484022557735443,495.7764643266286,67.77506790617764,62.943867420447475
0.8500589072704315,788.5375779245643,47.90576384234055,48.72830411950065
0.854477608203888,734.7679768983792,30.427920028324934,30.108083198196027
0.8589031457901001,575.2074581655904,29.01757176944568,29.968588964546598
0.8633360862731934,661.2815202747657,30.665386208117525,28.8675037146686
0.8677733063697814,710.7819095446353,30.46980078384945,31.09996688047147
0.8722167193889618,512.1498653249099,30.350046283827908,31.065126843349162
0.876664525270462,537.100716508086,29.233250104967453,27.940596239224078
0.8811205923557281,685.6601155582409,27.657029657178327,27.911171797927864
0.8855800807476044,657.2970893956583,29.952569738755074,28.7037320332754
0.8900473594665528,572.9359723668916,28.49189835750667,27.98318120520321
0.8945174813270569,608.4422361220904,27.999097373547443,29.271242838178864
0.8989959120750427,525.3110977660274,28.077180767624895,27.590927182483142
0.9034788012504578,644.1600562568494,29.77014673036365,28.856096304975154
0.9079658627510071,476.08794537837605,28.112077675133946,27.765464746412306
0.9124603033065796,565.6890464172084,27.99407802390465,27.047889232993043
0.9169608414173126,656.5231023154217,26.88963901465604,27.044737260561874
0.921463280916214,626.8625377818726,25.903307766394846,29.865738510735355
0.9259732723236084,651.220795151631,26.396182432763567,26.54822884289024
0.9304873704910278,596.9930684688732,25.275618045001806,26.65696966782059
0.9350079476833344,673.3223757711553,26.8941609011614,27.191767240615945
0.9395338594913483,693.159364446896,27.485462407356863,27.754323688983163
0.9440637469291687,668.7777396367621,27.55983383964667,27.253296661565514
0.9485983967781066,550.9006933401635,25.773621872359058,25.918268628843293
0.9531385838985443,653.9252043739555,26.791014265310764,28.485692811349395
0.9576843738555908,727.8060729689357,27.237788255117607,25.856730096252477
0.9622346758842468,731.0276692582082,26.971791776380314,26.601505561677754
0.9667905867099762,662.03777617276,25.24239563294816,25.328324765184107
0.9713501095771789,676.7368568681959,24.748876377725992,25.61521839584725
0.9759152591228485,735.3317517041824,25.956143559792167,24.805413338363337
0.980484277009964,688.6553603137944,24.05925931767331,23.042357055144066
0.9850607633590698,661.4268129344717,25.999400357630407,24.594379625457123
0.9896388590335846,694.6855775755904,26.358244189130573,25.569011075880212
0.9942207038402557,666.3583462098017,25.03106454696581,24.86001273962529
0.9988100409507752,733.2487048008411,25.514309129888375,24.463957832735446
1.0034022331237793,727.0721099938969,24.9936630969828,24.573078042692828
1.007999885082245,654.062798699151,24.271838897487555,24.610777240015977
1.0125996708869933,741.5932557154249,26.74535282759109,25.718604020024486
1.017206037044525,737.8400332120115,23.90604446149007,24.734427583192655
1.0218170046806336,707.6850590697438,28.941268863386085,28.953215966584708
1.0264314889907837,673.9211560128591,25.009327465983915,24.23598486635092
1.0310513854026795,834.6530919767363,23.562092652854744,23.844695838530697
1.035674524307251,739.7120474651248,23.494365243313382,24.84793801327487
1.0403027296066285,746.1523220630907,23.945806678609188,24.46850573151619
1.0449323892593383,683.0115146256459,23.22713001387615,23.71099918420998
1.0495694041252137,791.0367898733647,23.717700657385535,24.343461482953217
1.0542086601257323,867.6249530248451,23.081509951802673,25.365937194437493
1.0588528752326964,911.8234573749179,24.758009616132995,24.83010942701435
1.063502013683319,790.868759722376,25.17116420126763,23.467876226078033
1.0681498050689697,821.0845388512265,24.91049522414403,24.972115003517615
1.0728097200393676,878.0910673060732,25.698305400304776,23.856825751840574
1.077468502521515,796.721701510889,23.376502093346744,23.32757358918559
1.0821316838264465,923.695231778091,24.65107738742745,23.689492720734506
1.086798322200775,870.4168214959503,23.95816523648807,23.24339485873736
1.0914704203605652,872.029319369238,24.566037849329405,26.83992250983306
1.0961448669433593,891.5825743136417,25.086833737252164,25.18492295024771
1.100823748111725,891.6235640012555,24.55783276853947,25.61304762147313
1.1055059790611268,760.7892040830621,23.199851221412473,23.025659466678576
1.1101918458938598,754.1917638784698,21.984440656355105,22.224583998389676
1.1148807644844054,765.8754059558406,22.456469455374645,23.644425376160598
1.1195732474327087,877.2430782013014,24.082109633312143,23.56138465094898
1.1242706894874572,923.412767184441,23.987349741125968,22.262785111563403
1.1289701581001281,864.216692408449,24.254396348751584,22.73492573059775
1.1336732387542725,885.3731928560363,23.60107867724298,23.650321237295202
1.1383798837661743,874.8429969597298,24.51414135337734,24.734738167205933
1.143091344833374,823.4486680168874,22.563253937410764,23.19024705501522
1.1478028297424316,873.9496873021535,25.153189307146704,23.9465988407876
1.152521824836731,899.4984820390772,23.590012513157717,24.12550353640995
1.1572409629821778,940.6936600886181,23.736701321156033,23.28849763733035
1.1619626998901367,913.1352617079328,23.530843242257788,22.64400819138757
1.1666885137557983,927.8604144959509,22.868407904315177,22.092566910141272
1.1714180946350097,976.5907915762821,23.781367697718792,24.073421214039854
1.1761504888534546,954.9247069957308,25.932184482590856,23.620006842099087
1.1808886051177978,956.3299094614022,23.33536422971588,22.075602388583775
1.1856285333633423,856.4581177804678,24.350211496714564,21.675126669455267
1.1903691291809082,923.2512260884505,23.527606004319296,23.05812696097587
1.1951136827468871,958.034364670747,21.982932155271442,23.712387402671652
1.1998615622520448,1013.4958824963918,22.807412669257474,22.687328812206374
1.2046123147010803,1008.0118272069911,24.529904107925177,24.988712219320973
1.2093653678894043,997.4641831898525,24.071402256772103,24.750842973641056
1.2141220331192017,997.72520284282,24.466074700817558,24.554600238372586
1.2188818335533143,875.1523536481992,23.532811804820426,23.442241513261138
1.2236440300941467,1041.6223085549793,24.86510626432039,24.944800322525225
1.2284069538116456,1094.6848406930249,24.068988643790135,23.597655872715222
1.2331746101379395,1003.3242259783914,23.069722513102192,24.170285436553968
1.2379455327987672,892.1272349807621,23.143651206387403,23.83201492531157
1.2427184104919433,973.6744914437834,23.088762582076583,22.831825356630134
1.2474936485290526,955.2639157565297,25.00013192259121,24.50861401514271
1.2522704124450683,995.2029060590514,24.32626361134305,24.399163739085907
1.2570514917373656,936.0634108753327,24.01223008141085,25.507189597813408
1.2618351221084594,942.3000759216499,24.201862923941803,24.71910045975642
1.2666199803352356,1011.0843781407066,24.323389196589346,24.361148417964728
1.271407425403595,888.1301064740528,23.505285533974643,23.96681873190414
1.2761982202529907,913.3409969098755,23.26213925378147,25.045687735815022
1.2809916973114013,1131.4639933162193,25.083824979829387,26.06537757826095
1.2857865333557128,1007.8865538613595,23.515240781347643,24.33430703171473
1.2905839920043944,951.1764948807495,24.011370587891065,24.560084440395485
1.2953826904296875,991.1470247134641,24.008871313264876,24.165453077600432
1.300185251235962,1023.9020321747658,23.491543163372853,24.202353067172112
1.3049902081489564,952.4302813066074,24.225946846798138,23.813641805054658
1.3097967267036439,938.7326601309185,24.736493826196693,24.928818949501874
1.3146040916442872,923.7241668633046,24.017326846705373,24.28678902240881
1.319415283203125,940.6092110058405,23.817926222685742,24.37979581399361
1.3242287635803223,947.8984368538846,26.565176549579064,25.832210215874284
1.329043412208557,1019.7493012655623,25.244726138145438,24.689364077481628
1.3338611364364623,1112.3887052874404,26.632855179055014,25.55870483345143
1.338679552078247,1053.0291900515915,26.51450453455584,27.923679225706564
1.343500018119812,1163.717734923869,26.78114929525441,27.01527897849155
1.3483233809471131,1149.010921084106,25.632939816213593,26.16134802388683
1.3531481742858886,1149.4157680849282,25.100488825544517,24.998228920691417
1.3579764246940613,1233.1687237130013,24.747981371023343,24.25940681534621
1.362803840637207,1190.6425792069929,27.12747740549071,25.499392958470025
1.3676351070404054,1191.8995247694081,25.481849160228876,26.015330558379674
1.3724674224853515,1266.2957940733265,26.28380330185155,27.639380207661134
1.3773027896881103,1262.086797552989,26.349028629990926,27.17863999992028
1.382139015197754,1179.1074236873746,27.0889168792678,27.40545778583646
1.3869759082794189,1223.4004671025045,27.767560558606874,27.186696653646777
1.391816544532776,1265.1397236460573,24.668375124238764,27.172042975890463
1.3966567516326904,1267.8791914685528,29.407176530356992,27.439433772666234
1.4015012741088868,1224.731875350606,26.57870562791686,26.974211141335445
1.406346082687378,1295.9394315967124,28.316009632705118,26.982215710507262
1.4111910939216614,1360.7897611885462,25.86305076144049,27.99613329832505
1.4160406708717346,1299.217550228733,29.16951195335014,29.18361082272645
1.4208904385566712,1304.6991164249691,27.24627074487921,27.247329207893245
1.4257405161857606,1381.6251423594374,28.47706296014394,28.28192388009529
1.4305949211120605,1389.8154585141551,28.143621457036943,28.698624747929898
1.43544899225235,1239.8577978679036,29.101846038806116,29.899014875510147
1.440304124355316,1339.393877813465,30.79867653187739,31.00946394083212
1.4451606154441834,1270.1797645617983,30.014364007999575,29.635131285026773
1.45001882314682,1348.676094516466,29.50275765941774,31.962179528194383
1.4548807263374328,1370.0669198376495,29.6147970425925,30.07240239926432
1.4597427248954773,1468.5027179796286,29.337278029951676,30.137131281499023
1.464603877067566,1369.4023911422128,29.159672098517376,28.773594796183716
1.4694693326950072,1347.3881433360689,28.14437477249885,28.58597816991005
1.4743343591690063,1342.6934736768808,29.889969308983837,32.11673373984081
1.479200005531311,1252.8534288144785,30.48585947694687,30.2361510377375
1.4840691089630127,1399.884078602204,31.767643884392555,30.856229439652907
1.488938808441162,1401.1251790804442,31.10451770943405,30.379436640898803
1.4938071131706239,1371.0093975982538,29.93931235688933,31.124652017638027
1.498683476448059,1331.904620855264,33.01819343217426,30.293954347270983
1.5035538792610168,1571.4205088214173,32.53890797545796,32.121171358753145
1.5084254741668701,1321.0487362464264,28.59876510433992,28.440068531682527
1.5133047819137573,1396.5401401541624,31.888813438550415,31.03119724685189
1.5181816577911378,1401.2528425335026,31.957550403023333,33.05382848473664
1.5230594396591186,1406.674249823938,33.201784401284385,32.611918893374195
1.5279328584671021,1338.8839023481103,33.798513552563236,30.31441330503776
1.5328141570091247,1295.7652890748877,32.54509580014019,33.183531552689374
1.537692701816559,1271.6699073130872,32.793004398653466,31.58696012462906
1.542574405670166,1367.3034896060044,32.05706067957044,33.02299335196108
1.547457218170166,1435.910987450881,32.530914824973024,32.62721657256702
1.5523410797119142,1304.6759496249242,37.53537010713649,36.79149725528487
1.5572280645370484,1250.208503118502,34.08694063471785,32.28726434004784
1.562112307548523,1255.915887522903,34.33866655803422,34.606276846850506
1.5670025587081908,1492.198910272327,35.25758140169978,33.778619184323816
1.5718924283981324,1468.069134732201,34.990421778465816,35.64161963184074
1.5767808198928832,1415.875348230427,34.76863290914321,35.8820981553331
1.58166561126709,1505.9235247999397,36.1607336795621,35.21125818823839
1.5865546941757203,1568.1207322795613,37.178203050695856,36.04991978196472
1.5914505004882813,1523.5843875663597,36.33694259584081,38.26932899610006
1.5963427543640136,1290.4717638901268,35.769099148608575,35.202660764252414
1.6012307405471802,1327.061445720476,34.23940648398252,36.27949719002595
1.6061269283294677,1479.8908217271178,37.83200127903888,35.41726517931261
1.61102192401886,1539.5034490167318,36.185020458334066,38.664446543352824
1.6159123420715331,1431.9594231193282,36.081448699710336,35.384695374081275
1.6208142518997193,1491.4214834278312,35.68688057833242,38.04885895666189
1.6257056951522828,1464.3004970843874,37.72059325179771,38.030173414735145
1.6306069135665893,1275.318210259359,39.52247572572446,38.93564471091713
1.6355013132095337,1617.556643227974,37.48818803419158,36.26608111155679
1.640403139591217,1620.3890399727268,37.413782429341154,38.95767010773557
1.6452985167503358,1552.969638187545,39.53851890452256,36.63153317670435
1.650202751159668,1437.2895950621955,36.58855381919466,40.59598271570485
1.6550986051559449,1321.4321839910967,38.82959072444305,39.554304898383634
1.66000235080719,1434.370724830509,37.28784420656325,37.69802630408185
1.6649040579795837,1513.2270765894584,38.88046346686474,40.06752948215467
1.6698039054870606,1449.2082175600312,41.25406437595666,41.35742703991605
1.6747091650962829,1471.9890227505484,43.39525029296419,41.63892423624543
1.6796124458312989,1498.4129788266655,42.102300873380045,45.054100578355246
1.6845134496688843,1335.0440155975994,36.884445590661926,37.84313076882131
1.6894203424453735,1288.0722659115627,38.37184997796726,39.925488714545054
1.6943244695663453,1363.0355090697526,39.51999265026234,41.33032816111995
1.6992273330688477,1376.2249664659041,40.60126418049549,41.439712534600176
1.7041351914405822,1368.8423506621643,43.45944631457428,44.72503881985131
1.709041965007782,1539.1503912585306,39.427122092529316,40.59435757305255
1.713947558403015,1471.9639828221862,39.94625535447972,40.74054772823001
1.7188549280166625,1466.422608462231,38.71845375256953,40.00587316750807
1.7237625598907471,1490.8651342854,41.3540904994386,42.6473673287378
1.7286702632904052,1679.526587078127,43.494254563070854,43.764313523110786
1.7335801482200623,1767.3315592327808,44.8462263483716,45.08034673128918
1.7384886384010314,1540.3504224235774,43.06375312293744,45.54242387896238
1.7433969736099244,1588.5600515362182,45.219471819905266,44.09462021697891
1.7483075618743897,1641.694983709463,46.02671783858705,44.999620447891175
1.7532159328460692,1647.1748442266319,43.73328149590452,44.041661502006264
1.758125364780426,1645.6607257607186,44.8169429589268,44.08491378602821
1.7630369305610656,1835.7344925950968,49.34853615066595,46.576801395472785
1.767946755886078,1449.479038003705,44.442950875160705,45.968674396414826
1.7728580117225647,1755.0327672941185,44.564827303261154,44.84055446257389
1.777770733833313,1819.744816462869,46.595791921774435,50.40830124731178
1.7826820254325866,1828.027256411562,43.97253585278827,43.32031547640645
1.787593162059784,1692.7012458675435,47.395343545824744,46.81125345662372
1.7925054907798768,1820.1377210132318,47.56143905331078,47.36181150409675
1.7974182486534118,1660.6995486172414,46.02234941213919,46.299783975771106
1.802331519126892,1805.300771305547,46.11462336956788,48.539523048610135
1.8072447538375855,1751.6670412269284,46.68615439402606,48.88919258965507
1.8121580600738525,1754.3179617823178,46.08538396900508,49.68469078249291
1.8170713901519775,1672.8206464889722,49.495284772974856,48.775828234164464
1.8219848155975342,1842.4034246572005,49.50424381284074,47.4672612256029
1.826898217201233,1805.4455206184025,49.683588981806224,50.89859638044845
1.8318116545677186,2008.789237663916,50.196919508752444,52.44702126793527
1.836725926399231,1993.329604407783,52.707911276871755,51.32724833235898
1.8416404366493224,2300.480451459414,50.558117200194374,49.039273250533824
1.846556258201599,2017.9859163169574,48.91323945473573,50.383702269132755
1.8514707565307618,1938.3138644367875,51.58390686527764,50.27100276535225
1.8563844680786132,2136.3734348956855,51.900255065761485,53.68389385813771
1.8613011121749878,1846.2244673611715,49.53565860953859,49.95907828839927
1.8662159204483033,2001.5253428057022,51.283446687205696,51.78976132605908
1.8711305141448975,1948.2071107309673,53.52119397766592,52.27963703061846
1.8760450601577758,2140.616074220076,55.09108422280178,55.689661302365494
1.8809624552726745,1920.5561254260547,51.14051209798663,54.968011432123376
1.885876715183258,2048.467200504869,53.80583617083994,54.655878343352924
1.8907913208007812,1919.0193942219441,53.32638614940379,54.62436311300712
1.8957089543342591,1889.9097415036724,54.98842292280278,52.22726241365626
1.9006234645843505,1890.2968027147385,49.27660005177836,52.30255079859512
1.9055416464805603,1879.0258385304799,54.0628575253827,52.99163540599557
1.9104560613632202,1965.427719083931,55.82988405118908,55.750262991046384
1.9153712511062622,2086.494886809294,58.16113869203332,56.56831537028256
1.9202882051467896,1925.5597571023218,54.52807073504073,53.11340631414737
1.9252055644989015,1937.0206557338474,53.463690555309995,56.64501235824923
1.9301211833953857,1952.521735519428,53.58838396509418,56.21043690171223
1.9350393891334534,2018.0200122069818,55.137080330267054,58.82439928175813
1.9399539351463317,2072.916766207267,58.32365900780087,54.52695008412229
1.9448724746704102,2262.495473863658,61.416302884869765,61.44538280721372
1.9497869849205016,2263.301212209533,61.61710445894505,62.18653257818096
1.9547054052352906,1952.3404786398658,56.31079288733076,62.52758726585216
1.9596208930015564,2094.1413040245825,56.44543302130364,61.01097994601605
1.9645384550094604,2124.408896942841,58.30184737617401,57.93490855725895
1.969455647468567,1885.788666893733,57.02478290665749,55.377461279837235
1.9743714570999145,2180.181479883148,60.985784255751696,59.63004988198645
1.979289722442627,2001.5738387110543,59.40909602947977,59.26067030467948
1.984204387664795,2134.4940412313417,60.74733138412421,60.718519137478324
1.9891229510307311,2150.8722458546804,63.581380171059664,60.023716115869775
1.9940376162528992,2034.6559480199635,57.496625955054924,61.30170219020306
1.9989560127258301,2006.1135974380882,61.90949009328847,59.97889690965212
2.003871703147888,2022.5914669364006,59.39112655326562,62.330927666879234
2.0087890625,2148.6512213198594,61.88167590480134,64.84168650657693
2.0137065172195436,2172.2836636082793,61.52604649174555,65.21850075457041
2.0186221599578857,1892.9252129034278,66.83739702258708,61.1607433786437
2.023540735244751,1976.8323391559259,63.547195433442766,62.4536063155515
2.028455924987793,2243.503022953543,68.07465434144069,65.14558578522929
2.0333743572235106,2372.068039311551,66.50633864089514,66.19075323650804
2.0382890701293945,2206.335638586258,67.17924725887315,65.3376963265232
2.043208384513855,1985.3294118366668,63.04934906350081,60.53332871497332
2.0481252908706664,2037.6079271090468,62.19942678129087,61.95579610998948
2.0530432224273683,2021.7901327801162,64.4094533346788,68.8351536407697
2.0579591751098634,2408.160350575653,65.99951197409655,67.0825631277462
2.062877368927002,2254.381471169557,70.61494384206253,68.96131213093577
2.0677927494049073,2098.2188284591357,72.53880392704218,70.93056459631543
2.0727105855941774,2191.895373434308,67.41219923848803,63.69039531907083
2.0776260614395143,2183.8745829773497,67.82739584810179,67.03211275673493
2.0825453281402586,2269.3120591729053,67.55092643649323,66.29923083749736
2.0874624252319336,2187.952874582671,68.50773674920674,68.75740596561809
2.0923803806304933,2152.8206049158002,68.95532332023822,66.0606461437651
2.0972959995269775,2073.084617225618,66.11652251744931,68.15734232548402
2.102215051651001,2015.055793076635,70.50754591897226,71.33463987238247
2.1071290493011476,2123.631968620709,69.42776112571664,69.64381980855478
2.1120488166809084,2258.088112783827,71.79906623903162,69.37186867641822
2.116962957382202,2272.2410371136652,74.14234467003826,74.69765267098637
2.1218830347061157,2176.6231770601435,70.52445214740783,70.32658329002379
2.1268001317977907,2169.480864918197,71.87526452910879,74.83608924808595
2.1317177295684813,2081.9985306650924,77.86459642375348,75.28193404964895
2.1366352081298827,2203.6876742406675,72.6642780003317,71.45425572948761
2.1415520668029786,2018.89625354002,73.76325663495277,72.69730405114092
2.14647216796875,2074.394647861172,76.82443061604954,75.32250371761256
2.1513861179351808,2662.2239917647526,73.18222564568214,77.26373182376028
2.156306743621826,2226.8499149882286,70.72240034215747,70.47558647893175
2.161223888397217,2453.0504149197122,76.11890995325257,77.79905995109948
2.166141486167908,2297.180930004087,80.76775937729462,78.39079681375551
2.1710621118545532,2487.9835006358317,77.04926357749446,74.29977578837952
2.1759760856628416,2539.272556185321,73.10037635156186,79.16593867604661
2.1808967113494875,2457.3495252924695,70.31769089225236,75.27107705159688
2.1858141660690307,2673.058414160629,81.79929161458904,79.14012622535301
2.1907315492630004,2182.6272365471973,82.76168613729283,80.26080269417616
2.1956520080566406,1832.6511354142428,79.2975652993523,82.36765450122607
2.2005682229995727,1902.866387132805,78.69648756235551,76.24511894811053
2.2054879903793334,2207.7738169234826,75.95966898158986,76.62567367992688
2.2104061603546143,1994.95608479249,79.17505405933048,79.59600562400783
2.215327501296997,2516.01075281537,82.9834021909578,81.71663431235493
2.220244789123535,2028.182798820316,79.09147117217958,77.2962414399226
2.225162982940674,2319.9614685228707,89.95514123760404,84.80598746333453
2.2300846099853517,1873.347345377401,80.3768310404987,79.47758874031229
2.235002899169922,2049.286420760795,84.13831077412442,83.3552518604788
2.239924764633179,2094.5711961538073,82.03402659061021,79.53478763956491
2.244845914840698,1915.1326248293144,83.50676381672884,85.4843985622856
2.249760961532593,2145.4514777842714,81.14763484997229,77.64073595156424
2.254682421684265,2553.5218013580097,83.73788870615135,86.61508404132292
2.2596012353897095,2428.2480820080077,92.52661558176123,90.76183292230962
2.2645233631134034,2565.267197289045,82.77720381260269,84.92880451518113
2.269444799423218,2357.777857180747,82.8581242105297,82.23956452837228
2.2743646144866942,2163.843154055426,91.16767106726479,88.6711978648591
2.2792869091033934,2052.610654432731,89.45323546680652,88.09523809872098
2.284208869934082,2176.659744984177,87.20127956917713,92.43236421672282
2.2891334295272827,2267.479458793705,93.985138106475,91.0105865236037
2.2940560579299927,2408.8224038396747,85.89247586311058,87.6167500900433
2.2989760398864747,2649.98089459041,87.87892553572783,83.3339292168539
2.303898286819458,2527.2776289471335,89.51969003587419,91.23395079646025
2.308821702003479,2422.812746383785,93.06101639722874,90.42938328628134
2.313746213912964,1970.8058405654713,88.58075116728014,94.08699539003283
2.318668532371521,2575.6494659866007,92.08430957993005,88.13342804068225
2.323594903945923,2621.258395666659,88.88721417792249,82.96547420642901
2.3285173892974855,2505.3840533652246,95.03392607114438,93.0358029544941
2.333443021774292,2586.2209167989963,95.47571455016987,94.32695621144012
2.3383684396743774,2386.2414411838427,93.46493016616614,92.84725714945853
2.3432939291000365,2885.9557388923245,101.51580646365937,96.27877077178891
2.348218250274658,2419.773712010472,95.8952631742768,94.99021575518645
2.353145933151245,3121.617290075205,99.16264885779856,98.42557880030654
2.3580739498138428,2698.71706289875,106.37341134136386,97.04247391143599
2.362998294830322,2925.446850881726,102.10958381831733,97.82280003889673
2.3679276943206786,3022.758801352987,96.23447182534301,96.17909897584104
2.372855043411255,2438.1787476985405,94.24533947135342,99.2850712147283
2.377785158157349,3151.4677633286747,104.56574730297325,96.38190376917646
2.3827117919921874,2942.0300604231275,98.9289772972129,105.6547921244346
2.3876429557800294,3523.0986819465056,102.17399825903885,100.88370643861208
2.39257333278656,3048.8568202691845,104.58409362047769,96.8466146801261
2.39750394821167,3151.5595325503036,99.806919725856,103.48809768553656
2.4024340391159056,2985.5016025818263,101.80135696947536,103.51541293919809
2.407365655899048,2178.508629970481,96.99202136268377,100.1902353928117
2.4122970581054686,3010.0714960998316,105.7686850331711,103.66116623637163
2.417229175567627,2890.0273228014476,105.97045944950787,112.49731831020244
2.4221633434295655,3220.5690959706667,106.3627701763694,111.460435259914
2.427096700668335,2594.5845630627186,102.09985952305442,101.23649266352959
2.4320342540740967,2899.97249352551,106.20072595695683,114.08298556611226
2.4369683027267457,2569.628761607476,104.73747183120759,107.24978282354732
2.4419050455093383,3189.87423852343,110.45280448765789,116.34372268094467
2.4468399047851563,3008.327710213725,104.96343325306316,103.73525077973363
2.4517797946929933,2966.475935387521,113.80360728173719,118.58610102448029
2.4567156791687013,3289.803917492944,115.08390483959374,121.01493247057988
2.46165668964386,2609.3717205498597,115.37927264892642,113.07588624211894
2.466592621803284,2609.411319387097,113.11775108576921,113.34544844859329
2.471533417701721,3205.4902702105815,120.23096766938488,114.94061993574633
2.476476860046387,3311.6618762225908,112.75626725190295,113.51525065069609
2.4814171314239504,2869.996839982097,104.82503164005311,113.1137935785705
2.4863606452941895,2920.790216135386,111.97825911916334,117.52936718010096
2.4913039684295653,3197.2887959088766,115.70084328696566,112.98269975703033
2.496247982978821,3096.648446447829,116.5053099867041,114.5668772664726
2.5011950492858888,2892.7576674598627,116.92247010104802,115.26097507211716
2.5061400175094604,3295.5340852725612,113.70480728891243,120.48090931507659
2.51108558177948,3572.1968185930123,115.3507075266084,112.57054615186144
2.5160331249237062,3398.1962585463657,120.45868304755959,122.73529737081617
2.520983362197876,3119.9286886762097,109.45965302068407,111.3056610497083
2.525932502746582,3668.6815816404483,122.95443045481807,114.36015237299534
2.5308837890625,3056.6719560128095,122.97058413946934,123.91425958692889
2.535835886001587,3095.7724234495813,122.52824459067187,129.45119634511457
2.5407902240753173,3242.877628492018,129.1045825676856,121.43188558754446
2.545741009712219,3157.785676994947,128.18562988164967,124.73206378280474
2.5506967067718507,3015.768958871299,124.0365213146215,118.4751225271857
2.5556540966033934,2845.6679677998704,129.04574171468903,131.2984346936214
2.5606131315231324,2947.2235837451403,124.06606449881974,127.4578332423198
2.5655721187591554,3341.9793897311633,132.0052750480495,133.84726186387343
2.57053062915802,3281.4380293382483,126.73787814878006,128.40591958447294
2.5754900217056274,3196.1758636603568,127.29217555501873,128.1099440474727
2.5804508209228514,3654.4680501507373,132.69965508913765,126.00995918418221
2.585413098335266,2962.3976961329604,136.18451289561517,128.74417083054095
2.590375280380249,3229.904533062479,132.63120319318978,136.81066099142208
2.59534375667572,2994.785694361568,133.63754110955824,131.05772129423713
2.6003095149993896,3378.5617956201013,134.0834582893208,135.18251163900914
2.605277180671692,2773.5860280497245,124.74671914857481,128.52872402104276
2.6102479696273804,2983.0060076590225,140.13826671250808,136.0010840229579
2.615216064453125,2856.4763629772,128.76864350800406,128.57583678135006
2.6201894283294678,3258.470094218422,135.25280653436812,139.18019061194173
2.6251630783081055,3493.4622289772337,144.2543430360338,144.25711816922603
2.6301375150680544,3611.5498548868104,136.22134806900795,148.32570806728017
2.6351131200790405,2928.7832382019806,143.488699403169,144.395750816107
2.6400942325592043,4070.4123937441027,139.0188156772483,151.0024053307934
2.645070743560791,3669.8154633778727,134.33305310293326,133.459364222751
2.6500510692596437,3585.1405216497697,141.47878392195798,148.3102156948794
2.655031108856201,3224.3574911618293,148.33105005295192,133.99975778413636
2.6600152015686036,3163.0876869456215,135.95126202072925,129.0726635554497
2.6650002002716064,2816.322822077961,143.58584340553625,141.56279648689042
2.66998929977417,2847.736579945633,133.886085902001,149.29858705992956
2.674977254867554,3071.161193861714,138.67722189335518,142.8136331972023
2.6799708366394044,3004.924790966043,141.82056882288043,155.29328820094497
2.684960651397705,2668.5236984261014,152.52202592514413,153.57643876492284
2.6899537563323976,3470.9450137211693,147.21883088104096,153.82876786791394
2.6949490547180175,2630.6036628734346,142.83471712736628,144.4510018707383
2.6999476671218874,3961.8976570965274,144.86754151696232,154.02325152226058
2.7049444675445558,3227.039744190753,145.858312887362,160.74413076556948
2.7099475860595703,3152.4894464010677,150.12559148194214,154.73644001391813
2.7149493932724,3606.1565075980557,153.88366316932434,154.46130865194982
2.7199540615081785,3463.710831617435,152.8773305155978,150.27705683855493
2.7249598264694215,3451.771442322343,164.07034688598424,165.71201336508193
2.7299681663513184,3208.7639511127836,155.16145637907312,160.33887239990008
2.7349773645401,3348.7103273972275,161.14401646736587,163.06845139030747
2.7399901866912844,3224.8581387038316,162.18707092442173,163.95997312486998
2.7450040340423585,2802.6436193098807,154.1550330591349,157.0559642421672
2.75002064704895,3010.3301420800562,168.61199714741315,159.84747314668311
2.755038261413574,3867.7965242801793,158.00659221617616,162.2279413385627
2.760059928894043,3117.4721065088756,172.41664068403816,160.9386572962726
2.765081262588501,3483.354606987897,180.32304590887088,184.74586745404895
2.770105266571045,3777.538078949356,170.23533942317772,174.30346369711333
2.7751325607299804,3199.6684785195803,165.045345655029,186.1536536253252
2.7801601886749268,3486.096527994126,166.0551069099829,172.57142771795316
2.7851925611495973,3346.4533668112813,174.24719002620805,174.6196713500044
2.7902276515960693,2742.008336733232,171.01863160668063,179.83702397981278
2.795263075828552,3124.662365044558,173.1622952928019,164.00695521183343
2.8002998352050783,3335.201230498577,179.46762719009803,163.2621674301863
2.805338191986084,4056.254851375752,193.19408179981974,173.6284775158233
2.810385322570801,2766.0233166129824,165.42035784137806,173.40574494605698
2.815429449081421,3445.6877048379056,185.2811087258733,186.6381526067098
2.8204757928848267,2755.646539029017,192.1635346669109,179.88363934143536
2.8255272626876833,3862.3870262123987,195.5478737082517,177.68213367200906
2.830579733848572,2274.744415263998,460.31008643188557,438.7650117801427
